ip,fqdns,is_anycast,service_transport,service_port,service_banner,service_protocol,service_http_title,service_http_status_code,service_http_headers_sha256,service_http_body,service_http_body_mmh3,service_http_body_sha1,service_http_body_sha256,service_http_favicon_mmh3,service_http_favicon_sha256,service_ssh_hassh,service_tls_is_self_signed,service_tls_valid_from,service_tls_expires_at,service_tls_supported_versions,service_tls_fingerprint_sha256,service_tls_fingerprint_sha1,service_tls_jarm,service_tls_serial_number,service_tls_issuer_common_name,service_tls_issuer_country,service_tls_issuer_organization,service_tls_issuer_organizational_unit,service_tls_issuer_province,service_tls_issuer_locality,service_tls_issuer_email_address,service_tls_subject_common_name,service_tls_subject_country,service_tls_subject_organization,service_tls_subject_organizational_unit,service_tls_subject_province,service_tls_subject_locality,service_tls_subject_email_address,service_tls_raw,service_tls_is_valid,service_tls_is_trusted,service_scanned_at,service_fingerprints_os_product,service_fingerprints_os_version,service_fingerprints_os_icon_url,service_fingerprints_service_product,service_fingerprints_service_version,service_fingerprints_service_icon_url,service_fingerprints_technologies,service_fingerprints_tags,service_cves,asn_number,asn_org,geo_city_name,geo_country_name,geo_country_iso_code
91.64.160.253,,False,tcp,102,"firmware: 2.2.0
hardware: 1.32.32
is_s7: true
module_id: '6ES7 214-1AE30-0XB0 '
",siemens,,,,,,,,,,,,,,,,,,,,,,,,,,,,,,,,,,,,2025-08-08T03:34:26Z,,,,,,,,,,3209,Vodafone GmbH,Stralsund,Germany,DE
91.64.158.188,,False,tcp,102,"firmware: 2.2.0
hardware: 2.32.32
is_s7: true
module_id: '6ES7 214-1AE30-0XB0 '
",siemens,,,,,,,,,,,,,,,,,,,,,,,,,,,,,,,,,,,,2025-05-05T07:02:08.421787Z,,,,,,,,,,3209,Vodafone GmbH,Stralsund,Germany,DE
109.235.55.31,,False,tcp,102,"firmware: 4.5.1
hardware: 14.32.32
is_s7: true
module_id: '6ES7 215-1AG40-0XB0 '
",siemens,,,,,,,,,,,,,,,,,,,,,,,,,,,,,,,,,,,,2025-08-05T01:31:46Z,,,,,,,,,,207456,Pangea Connected Limited,Tower Hamlets,United Kingdom,GB
109.235.54.207,,False,tcp,102,"copyright: Original Siemens Equipment
firmware: 3.1.3
hardware: 4.0.0
is_s7: true
location: '                      '
module: ET 200SP
module_id: '6ES7 512-1DM03-0AB0 '
module_type: CPU 1512SP-1 PN
plant_id: '                                '
reserved_for_os: 'SMC_275790ca10  '
serial_number: S C-SNA176WJ2024
system: ET 200SP
",siemens,,,,,,,,,,,,,,,,,,,,,,,,,,,,,,,,,,,,2025-08-08T01:14:17Z,,,,,,,,,,207456,Pangea Connected Limited,Tower Hamlets,United Kingdom,GB
109.235.55.34,,False,tcp,502,"function_code: 43
length: 87
mei_response:
    conformity_level: 1
    more_follows: false
    next_object_id: 0
    object_count: 10
    objects:
        oid_16: 1022B5589339
        oid_17: ""\0,""
        oid_18: ""\0\0""
        oid_19: ""\0\x01""
        oid_20: ""\x03\x03""
        oid_21: ""\0\x01""
        product_code: Smart Logger
        revision: V300R001C00SPC103
        vendor: HUAWEI
        vendor_url: ""\0\n""
raw: WkcAAABXACsOAQEAAAoABkhVQVdFSQEMU21hcnQgTG9nZ2VyAhFWMzAwUjAwMUMwMFNQQzEwMwMCAAoQDDEwMjJCNTU4OTMzORECACwSAgAAEwIAARQCAwMVAgAB
raw_response: DgEBAAAKAAZIVUFXRUkBDFNtYXJ0IExvZ2dlcgIRVjMwMFIwMDFDMDBTUEMxMDMDAgAKEAwxMDIyQjU1ODkzMzkRAgAsEgIAABMCAAEUAgMDFQIAAQ==
unit_id: 0
",modbus,,,,,,,,,,,,,,,,,,,,,,,,,,,,,,,,,,,,2025-08-23T00:38:01Z,,,,,,,,,,207456,Pangea Connected Limited,Tower Hamlets,United Kingdom,GB
109.235.55.34,,False,tcp,102,"firmware: 4.5.3
hardware: 15.32.32
is_s7: true
module_id: '6ES7 215-1AG40-0XB0 '
",siemens,,,,,,,,,,,,,,,,,,,,,,,,,,,,,,,,,,,,2025-08-06T09:31:50Z,,,,,,,,,,207456,Pangea Connected Limited,Tower Hamlets,United Kingdom,GB
109.235.54.204,,False,tcp,102,"copyright: Original Siemens Equipment
firmware: 3.0.3
hardware: 3.0.0
is_s7: true
location: '                      '
module: PLC_1
module_id: '6ES7 512-1SM03-0AB0 '
module_type: CPU 1512SP F-1 PN
plant_id: '                                '
reserved_for_os: 'SMC_9c8bd6ea0c  '
serial_number: S C-RNA1DLRD2023
system: ET 200SP station_2
",siemens,,,,,,,,,,,,,,,,,,,,,,,,,,,,,,,,,,,,2025-08-06T10:42:23Z,,,,,,,,,,207456,Pangea Connected Limited,Tower Hamlets,United Kingdom,GB
109.235.55.32,,False,tcp,502,"function_code: 43
length: 91
mei_response:
    conformity_level: 1
    more_follows: false
    next_object_id: 0
    object_count: 11
    objects:
        oid_16: 1024B9990669
        oid_17: ""\0%""
        oid_18: ""\0\0""
        oid_19: ""\0\x01""
        oid_20: ""\x03\x05""
        oid_21: ""\x01\x03""
        oid_23: ""\0\x04""
        product_code: Smart Logger
        revision: V300R023C00SPC154
        vendor: HUAWEI
        vendor_url: ""\0\n""
raw: WkcAAABbACsOAQEAAAsABkhVQVdFSQEMU21hcnQgTG9nZ2VyAhFWMzAwUjAyM0MwMFNQQzE1NAMCAAoQDDEwMjRCOTk5MDY2ORECACUSAgAAEwIAARQCAwUVAgEDFwIABA==
raw_response: DgEBAAALAAZIVUFXRUkBDFNtYXJ0IExvZ2dlcgIRVjMwMFIwMjNDMDBTUEMxNTQDAgAKEAwxMDI0Qjk5OTA2NjkRAgAlEgIAABMCAAEUAgMFFQIBAxcCAAQ=
unit_id: 0
",modbus,,,,,,,,,,,,,,,,,,,,,,,,,,,,,,,,,,,,2025-08-15T07:16:48Z,,,,,,,,,,207456,Pangea Connected Limited,Tower Hamlets,United Kingdom,GB
109.33.160.191,,False,tcp,23,"SSH-2.0-OpenSSH_7.9
",telnet,,,,,,,,,,,,,,,,,,,,,,,,,,,,,,,,,,,,2025-06-23T11:10:08.147266Z,,,,,,,,,,33915,Vodafone Libertel B.V.,,The Netherlands,NL
131.180.122.135,,False,tcp,21,"220 Welcome to the TU Delft Thermosphere FTP site
",ftp,,,,,,,,,,,,,,,,,,,,,,,,,,,,,,,,,,,,2025-08-23T10:33:53Z,,,,,,,,,,1128,SURF B.V.,Rotterdam,The Netherlands,NL
31.186.175.88,annualcorporatereport.com,False,tcp,587,"220-vps.cfplatform.nl ESMTP Exim 4.96 #2 Sun, 24 Aug 2025 21:01:18 +0200 
220-We do not authorize the use of this system to transport unsolicited, 
220 and/or bulk e-mail.
",ftp,,,,,,,,,,,,,,,,,,,,,,,,,,,,,,,,,,,,2025-08-24T19:01:18Z,,,,,,,,,,48635,CLDIN B.V.,,The Netherlands,NL
31.186.175.88,annualcorporatereport.com,False,tcp,21,"220---------- Welcome to Pure-FTPd [privsep] [TLS] ----------
220-You are user number 1 of 50 allowed.
220-Local time is now 15:10. Server port: 21.
220-This is a private system - No anonymous login
220-IPv6 connections are also welcome on this server.
220 You will be disconnected after 15 minutes of inactivity.
",ftp,,,,,,,,,,,,,,,,,,,,,,,,,,,,,,,,,,,,2025-08-19T13:10:14Z,,,,Pure-FTPd,,https://fp-icons.modat.io/technologies/Pure FTPD.png,,,"{'id': 'CVE-2020-9365', 'cvss': 7.5, 'is_kev': False}, {'id': 'CVE-2019-20176', 'cvss': 7.5, 'is_kev': False}, {'id': 'CVE-2021-40524', 'cvss': 7.5, 'is_kev': False}, {'id': 'CVE-2020-9274', 'cvss': 7.5, 'is_kev': False}, {'id': 'CVE-2020-35359', 'cvss': 7.5, 'is_kev': False}",48635,CLDIN B.V.,,The Netherlands,NL
37.97.239.10,,False,tcp,21,"220---------- Welcome to Pure-FTPd [privsep] [TLS] ----------
220-You are user number 1 of 50 allowed.
220-Local time is now 12:10. Server port: 21.
220-This is a private system - No anonymous login
220-IPv6 connections are also welcome on this server.
220 You will be disconnected after 15 minutes of inactivity.
",ftp,,,,,,,,,,,,,,,,,,,,,,,,,,,,,,,,,,,,2025-08-22T10:40:26Z,,,,Pure-FTPd,,https://fp-icons.modat.io/technologies/Pure FTPD.png,,,"{'id': 'CVE-2020-35359', 'cvss': 7.5, 'is_kev': False}, {'id': 'CVE-2019-20176', 'cvss': 7.5, 'is_kev': False}, {'id': 'CVE-2021-40524', 'cvss': 7.5, 'is_kev': False}, {'id': 'CVE-2020-9365', 'cvss': 7.5, 'is_kev': False}, {'id': 'CVE-2020-9274', 'cvss': 7.5, 'is_kev': False}",20857,Signet B.V.,,The Netherlands,NL
149.210.243.232,"webdisk.cablejuice.tv, www.cablejuice.tv, cpanel.cablejuice.tv, mail.cablejuice.tv, webmail.cablejuice.tv, cpcalendars.cablejuice.tv, cablejuice.tv, cpcontacts.cablejuice.tv",False,tcp,587,"220-host.damnengine.net ESMTP Exim 4.98.2 #2 Fri, 22 Aug 2025 18:00:01 +0200 
220-We do not authorize the use of this system to transport unsolicited, 
220 and/or bulk e-mail.
",ftp,,,,,,,,,,,,,,,,,,,,,,,,,,,,,,,,,,,,2025-08-22T16:00:01Z,,,,,,,,,,20857,Signet B.V.,Amersfoort,The Netherlands,NL
149.210.243.232,"webdisk.cablejuice.tv, www.cablejuice.tv, cpanel.cablejuice.tv, webmail.cablejuice.tv, mail.cablejuice.tv, cpcalendars.cablejuice.tv, cablejuice.tv, cpcontacts.cablejuice.tv",False,tcp,21,"220---------- Welcome to Pure-FTPd [privsep] [TLS] ----------
220-You are user number 1 of 50 allowed.
220-Local time is now 11:48. Server port: 21.
220-This is a private system - No anonymous login
220-IPv6 connections are also welcome on this server.
220 You will be disconnected after 15 minutes of inactivity.
",ftp,,,,,,,,,,,,,,,,,,,,,,,,,,,,,,,,,,,,2025-08-17T09:48:03Z,,,,Pure-FTPd,,https://fp-icons.modat.io/technologies/Pure FTPD.png,,,"{'id': 'CVE-2021-40524', 'cvss': 7.5, 'is_kev': False}, {'id': 'CVE-2020-9274', 'cvss': 7.5, 'is_kev': False}, {'id': 'CVE-2019-20176', 'cvss': 7.5, 'is_kev': False}, {'id': 'CVE-2020-35359', 'cvss': 7.5, 'is_kev': False}, {'id': 'CVE-2020-9365', 'cvss': 7.5, 'is_kev': False}",20857,Signet B.V.,Amersfoort,The Netherlands,NL
81.23.229.6,"urban-connect.nl, urbanconnect.nl, www.urbannetwork.nl, www.ads.marokkomedia.nl, ads.marokkomedia.nl, mail.urbannetwork.nl, www.urban-connect.nl, www.marokko-media.nl, mail.urbanconnect.nl, urban-network.nl, mail.urban-network.nl, mail.urban-connect.nl, marokko-media.nl, urbannetwork.nl, mail.marokko-media.nl, www.marokkomedia.nl, mail.marokkomedia.nl, www.urbanconnect.nl, www.urban-network.nl, marokkomedia.nl",False,tcp,587,"220-rabat.hip-it.nl ESMTP Exim 4.98.1 #2 Fri, 15 Aug 2025 22:05:19 +0200 
220-We do not authorize the use of this system to transport unsolicited, 
220 and/or bulk e-mail.
",ftp,,,,,,,,,,,,,,,,,,,,,,,,,,,,,,,,,,,,2025-08-15T20:05:19Z,,,,,,,,,,24730,Garnier Projects BV,,The Netherlands,NL
37.128.149.102,"recruitmentmatters.nl, vps-303361-6062.hosted.at.hostnet.nl",False,tcp,21,"220 (vsFTPd 3.0.2)
",ftp,,,,,,,,,,,,,,,,,,,,,,,,,,,,,,,,,,,,2025-08-22T10:40:26Z,,,,vsFTPd,3.0.2,https://fp-icons.modat.io/technologies/default.svg,,,"{'id': 'CVE-2021-3618', 'cvss': 7.4, 'is_kev': False}",197902,Hostnet B.V.,,The Netherlands,NL
149.210.235.118,,False,tcp,21,"220---------- Welcome to Pure-FTPd [privsep] [TLS] ----------
220-You are user number 1 of 50 allowed.
220-Local time is now 08:57. Server port: 21.
220-This is a private system - No anonymous login
220-IPv6 connections are also welcome on this server.
220 You will be disconnected after 15 minutes of inactivity.
",ftp,,,,,,,,,,,,,,,,,,,,,,,,,,,,,,,,,,,,2025-08-19T07:13:47Z,,,,Pure-FTPd,,https://fp-icons.modat.io/technologies/Pure FTPD.png,,,"{'id': 'CVE-2020-35359', 'cvss': 7.5, 'is_kev': False}, {'id': 'CVE-2021-40524', 'cvss': 7.5, 'is_kev': False}, {'id': 'CVE-2020-9274', 'cvss': 7.5, 'is_kev': False}, {'id': 'CVE-2019-20176', 'cvss': 7.5, 'is_kev': False}, {'id': 'CVE-2020-9365', 'cvss': 7.5, 'is_kev': False}",20857,Signet B.V.,Amersfoort,The Netherlands,NL
81.207.6.18,,False,tcp,21,"220 (vsFTPd 3.0.3)
",ftp,,,,,,,,,,,,,,,,,,,,,,,,,,,,,,,,,,,,2025-08-24T08:44:03Z,,,,vsFTPd,3.0.3,https://fp-icons.modat.io/technologies/default.svg,,,"{'id': 'CVE-2021-30047', 'cvss': 7.5, 'is_kev': False}, {'id': 'CVE-2021-3618', 'cvss': 7.4, 'is_kev': False}",1136,KPN B.V.,Amsterdam,The Netherlands,NL
92.118.110.134,,False,tcp,21,"220---------- Welcome to Pure-FTPd [privsep] [TLS] ----------
220-You are user number 1 of 50 allowed.
220-Local time is now 13:16. Server port: 21.
220-This is a private system - No anonymous login
220-IPv6 connections are also welcome on this server.
220 You will be disconnected after 15 minutes of inactivity.
",ftp,,,,,,,,,,,,,,,,,,,,,,,,,,,,,,,,,,,,2025-08-23T11:16:59Z,,,,Pure-FTPd,,https://fp-icons.modat.io/technologies/Pure FTPD.png,,,"{'id': 'CVE-2020-35359', 'cvss': 7.5, 'is_kev': False}, {'id': 'CVE-2019-20176', 'cvss': 7.5, 'is_kev': False}, {'id': 'CVE-2021-40524', 'cvss': 7.5, 'is_kev': False}, {'id': 'CVE-2020-9365', 'cvss': 7.5, 'is_kev': False}, {'id': 'CVE-2020-9274', 'cvss': 7.5, 'is_kev': False}",42433,LD4Unity B.V.,,The Netherlands,NL
92.118.110.134,,False,tcp,587,"220 mail.koggenlandenergieneutraal.nl ESMTP Exim 4.98 Thu, 14 Aug 2025 03:08:43 +0200
",ftp,,,,,,,,,,,,,,,,,,,,,,,,,,,,,,,,,,,,2025-08-14T01:08:43Z,,,,,,,,,,42433,LD4Unity B.V.,,The Netherlands,NL
37.81.140.34,,False,tcp,23,Router login:,telnet,,,,,,,,,,,,,,,,,,,,,,,,,,,,,,,,,,,,2025-03-27T11:28:47.174001Z,,,,,,,,,,3320,Deutsche Telekom AG,Uetersen,Germany,DE
37.81.140.34,,False,tcp,502,"is_dnp3: true
raw_response: BWQAAAAiAGQAAAeJAAABkYAkulxnlefkAAAAAAAAAAAAAAAAAAAAAA==
",dnp3,,,,,,,,,,,,,,,,,,,,,,,,,,,,,,,,,,,,2025-01-26T07:44:57.843065Z,,,,,,,,,,3320,Deutsche Telekom AG,Uetersen,Germany,DE
167.99.214.253,,False,tcp,23,login: ,telnet,,,,,,,,,,,,,,,,,,,,,,,,,,,,,,,,,,,,2025-08-24T16:47:04Z,,,,,,,,,,14061,DIGITALOCEAN-ASN,Amsterdam,The Netherlands,NL
167.99.214.253,,False,tcp,102,"copyright: Original Siemens Equipment
is_s7: true
module: Siemens, SIMATIC, S7-200
module_id: ""\0\0\0\0\0\0\0\0\0\0\0\0\0\0\0\0\0\0\0\0""
module_type: IM151-8 PN/DP CPU
plant_id: Mouser Factory
serial_number: '88111222'
system: Technodrome
",siemens,,,,,,,,,,,,,,,,,,,,,,,,,,,,,,,,,,,,2025-08-06T07:28:39Z,,,,,,,,,,14061,DIGITALOCEAN-ASN,Amsterdam,The Netherlands,NL
167.71.4.155,,False,tcp,21,"200 FTP server ready.
",ftp,,,,,,,,,,,,,,,,,,,,,,,,,,,,,,,,,,,,2025-08-13T13:00:46Z,,,,,,,,,,14061,DIGITALOCEAN-ASN,Amsterdam,The Netherlands,NL
167.71.4.155,,False,tcp,102,"copyright: Original Siemens Equipment
cpu_profile: ""\uFFFD""
firmware: 3.2.6
hardware: 4.0.1
is_s7: true
module: CPU 315-2 PN/DP
module_id: '6ES7 315-2EH14-0AB0 '
module_type: CPU 315-2 PN/DP
reserved_for_os: MMC 267FF11F
serial_number: S C-C2UR28922012
system: SAAP7-SERVER
",siemens,,,,,,,,,,,,,,,,,,,,,,,,,,,,,,,,,,,,2025-08-08T07:05:28Z,,,,,,,,,,14061,DIGITALOCEAN-ASN,Amsterdam,The Netherlands,NL
159.65.193.74,,False,tcp,21,"200 FTP server ready.
",ftp,,,,,,,,,,,,,,,,,,,,,,,,,,,,,,,,,,,,2025-08-13T21:00:41Z,,,,,,,,,,14061,DIGITALOCEAN-ASN,Amsterdam,The Netherlands,NL
159.65.193.74,,False,tcp,102,"copyright: Original Siemens Equipment
cpu_profile: ""\uFFFD""
firmware: 3.2.6
hardware: 4.0.1
is_s7: true
module: CPU 315-2 PN/DP
module_id: '6ES7 315-2EH14-0AB0 '
module_type: CPU 315-2 PN/DP
reserved_for_os: MMC 267FF11F
serial_number: S C-C2UR28922012
system: SAAP7-SERVER
",siemens,,,,,,,,,,,,,,,,,,,,,,,,,,,,,,,,,,,,2025-08-08T03:46:32Z,,,,,,,,,,14061,DIGITALOCEAN-ASN,Amsterdam,The Netherlands,NL
159.223.235.24,,False,tcp,9095,          @     d,telnet,,,,,,,,,,,,,,,,,,,,,,,,,,,,,,,,,,,,2025-08-21T14:44:44Z,,,,,,,,,,14061,DIGITALOCEAN-ASN,Amsterdam,The Netherlands,NL
159.223.235.24,,False,tcp,102,"copyright: Original Siemens Equipment
cpu_profile: ""\uFFFD""
firmware: 3.2.6
hardware: 4.0.1
is_s7: true
module: CPU 315-2 PN/DP
module_id: '6ES7 315-2EH14-0AB0 '
module_type: CPU 315-2 PN/DP
reserved_for_os: MMC 267FF11F
serial_number: S C-C2UR28922012
system: SAAP7-SERVER
",siemens,,,,,,,,,,,,,,,,,,,,,,,,,,,,,,,,,,,,2025-08-06T07:25:45Z,,,,,,,,,,14061,DIGITALOCEAN-ASN,Amsterdam,The Netherlands,NL
159.223.235.24,,False,tcp,21,"200 FTP server ready.
",ftp,,,,,,,,,,,,,,,,,,,,,,,,,,,,,,,,,,,,2025-08-04T21:27:32Z,,,,,,,,,,14061,DIGITALOCEAN-ASN,Amsterdam,The Netherlands,NL
159.223.231.30,,False,tcp,21,"200 FTP server ready.
",ftp,,,,,,,,,,,,,,,,,,,,,,,,,,,,,,,,,,,,2025-08-06T18:53:59Z,,,,,,,,,,14061,DIGITALOCEAN-ASN,Amsterdam,The Netherlands,NL
159.223.231.30,,False,tcp,102,"copyright: Original Siemens Equipment
cpu_profile: ""\uFFFD""
firmware: 3.2.6
hardware: 4.0.1
is_s7: true
module: CPU 315-2 PN/DP
module_id: '6ES7 315-2EH14-0AB0 '
module_type: CPU 315-2 PN/DP
reserved_for_os: MMC 267FF11F
serial_number: S C-C2UR28922012
system: SAAP7-SERVER
",siemens,,,,,,,,,,,,,,,,,,,,,,,,,,,,,,,,,,,,2025-08-06T07:44:12Z,,,,,,,,,,14061,DIGITALOCEAN-ASN,Amsterdam,The Netherlands,NL
159.223.231.30,,False,tcp,25,"220 Ubuntu-noyl-1vcpu-1gb-35gb-intel ESMTP Postfix (Ubuntu)
",ftp,,,,,,,,,,,,,,,,,,,,,,,,,,,,,,,,,,,,2025-03-13T11:10:23.192796Z,,,,,,,,,,14061,DIGITALOCEAN-ASN,Amsterdam,The Netherlands,NL
167.71.69.12,,False,tcp,2095,Username: ,telnet,,,,,,,,,,,,,,,,,,,,,,,,,,,,,,,,,,,,2025-08-12T07:45:38Z,,,,,,,,,,14061,DIGITALOCEAN-ASN,Amsterdam,The Netherlands,NL
167.71.69.12,,False,tcp,21,"200 FTP server ready.
",ftp,,,,,,,,,,,,,,,,,,,,,,,,,,,,,,,,,,,,2025-07-07T23:20:59.479982Z,,,,,,,,,,14061,DIGITALOCEAN-ASN,Amsterdam,The Netherlands,NL
167.71.69.12,,False,tcp,102,"copyright: Original Siemens Equipment
cpu_profile: ""\uFFFD""
firmware: 3.2.6
hardware: 4.0.1
is_s7: true
module: CPU 315-2 PN/DP
module_id: '6ES7 315-2EH14-0AB0 '
module_type: CPU 315-2 PN/DP
reserved_for_os: MMC 267FF11F
serial_number: S C-C2UR28922012
system: SAAP7-SERVER
",siemens,,,,,,,,,,,,,,,,,,,,,,,,,,,,,,,,,,,,2025-06-11T15:10:30.454192Z,,,,,,,,,,14061,DIGITALOCEAN-ASN,Amsterdam,The Netherlands,NL
188.166.122.111,,False,tcp,21,"200 FTP server ready.
",ftp,,,,,,,,,,,,,,,,,,,,,,,,,,,,,,,,,,,,2025-08-12T20:53:05Z,,,,,,,,,,14061,DIGITALOCEAN-ASN,Amsterdam,The Netherlands,NL
188.166.122.111,,False,tcp,102,"copyright: Original Siemens Equipment
cpu_profile: ""\uFFFD""
firmware: 3.2.6
hardware: 4.0.1
is_s7: true
module: CPU 315-2 PN/DP
module_id: '6ES7 315-2EH14-0AB0 '
module_type: CPU 315-2 PN/DP
reserved_for_os: MMC 267FF11F
serial_number: S C-C2UR28922012
system: SAAP7-SERVER
",siemens,,,,,,,,,,,,,,,,,,,,,,,,,,,,,,,,,,,,2025-08-06T11:07:08Z,,,,,,,,,,14061,DIGITALOCEAN-ASN,Amsterdam,The Netherlands,NL
188.166.39.90,,False,tcp,21,"200 FTP server ready.
",ftp,,,,,,,,,,,,,,,,,,,,,,,,,,,,,,,,,,,,2025-07-08T00:53:42.677200Z,,,,,,,,,,14061,DIGITALOCEAN-ASN,Amsterdam,The Netherlands,NL
188.166.39.90,,False,tcp,102,"copyright: Original Siemens Equipment
cpu_profile: ""\uFFFD""
firmware: 3.2.6
hardware: 4.0.1
is_s7: true
module: CPU 315-2 PN/DP
module_id: '6ES7 315-2EH14-0AB0 '
module_type: CPU 315-2 PN/DP
reserved_for_os: MMC 267FF11F
serial_number: S C-C2UR28922012
system: SAAP7-SERVER
",siemens,,,,,,,,,,,,,,,,,,,,,,,,,,,,,,,,,,,,2025-06-11T15:10:31.463127Z,,,,,,,,,,14061,DIGITALOCEAN-ASN,Amsterdam,The Netherlands,NL
104.248.197.169,,False,tcp,102,"copyright: Original Siemens Equipment
cpu_profile: ""\uFFFD""
firmware: 3.2.6
hardware: 4.0.1
is_s7: true
module: CPU 315-2 PN/DP
module_id: '6ES7 315-2EH14-0AB0 '
module_type: CPU 315-2 PN/DP
reserved_for_os: MMC 267FF11F
serial_number: S C-C2UR28922012
system: SAAP7-SERVER
",siemens,,,,,,,,,,,,,,,,,,,,,,,,,,,,,,,,,,,,2025-06-11T15:10:31.860243Z,,,,,,,,,,14061,DIGITALOCEAN-ASN,Amsterdam,The Netherlands,NL
104.248.197.169,,False,tcp,21,"200 FTP server ready.
",ftp,,,,,,,,,,,,,,,,,,,,,,,,,,,,,,,,,,,,2025-06-06T16:46:59.286796Z,,,,,,,,,,14061,DIGITALOCEAN-ASN,Amsterdam,The Netherlands,NL
128.199.42.147,,False,tcp,1950,Username: ,telnet,,,,,,,,,,,,,,,,,,,,,,,,,,,,,,,,,,,,2025-08-13T01:16:32Z,,,,,,,,,,14061,DIGITALOCEAN-ASN,Amsterdam,The Netherlands,NL
128.199.42.147,,False,tcp,21,"200 FTP server ready.
",ftp,,,,,,,,,,,,,,,,,,,,,,,,,,,,,,,,,,,,2025-07-08T00:14:08.188170Z,,,,,,,,,,14061,DIGITALOCEAN-ASN,Amsterdam,The Netherlands,NL
128.199.42.147,,False,tcp,102,"copyright: Original Siemens Equipment
cpu_profile: ""\uFFFD""
firmware: 3.2.6
hardware: 4.0.1
is_s7: true
module: CPU 315-2 PN/DP
module_id: '6ES7 315-2EH14-0AB0 '
module_type: CPU 315-2 PN/DP
reserved_for_os: MMC 267FF11F
serial_number: S C-C2UR28922012
system: SAAP7-SERVER
",siemens,,,,,,,,,,,,,,,,,,,,,,,,,,,,,,,,,,,,2025-06-25T09:26:28.707051Z,,,,,,,,,,14061,DIGITALOCEAN-ASN,Amsterdam,The Netherlands,NL
188.166.46.28,,False,tcp,102,"copyright: Original Siemens Equipment
cpu_profile: ""\uFFFD""
firmware: 3.2.6
hardware: 4.0.1
is_s7: true
module: CPU 315-2 PN/DP
module_id: '6ES7 315-2EH14-0AB0 '
module_type: CPU 315-2 PN/DP
reserved_for_os: MMC 267FF11F
serial_number: S C-C2UR28922012
system: SAAP7-SERVER
",siemens,,,,,,,,,,,,,,,,,,,,,,,,,,,,,,,,,,,,2025-07-26T10:49:06Z,,,,,,,,,,14061,DIGITALOCEAN-ASN,Amsterdam,The Netherlands,NL
188.166.46.28,,False,tcp,21,"200 FTP server ready.
",ftp,,,,,,,,,,,,,,,,,,,,,,,,,,,,,,,,,,,,2025-07-07T20:32:41.442315Z,,,,,,,,,,14061,DIGITALOCEAN-ASN,Amsterdam,The Netherlands,NL
209.38.100.45,,False,tcp,102,"copyright: Original Siemens Equipment
cpu_profile: ""\uFFFD""
firmware: 3.2.6
hardware: 4.0.1
is_s7: true
module: CPU 315-2 PN/DP
module_id: '6ES7 315-2EH14-0AB0 '
module_type: CPU 315-2 PN/DP
reserved_for_os: MMC 267FF11F
serial_number: S C-C2UR28922012
system: SAAP7-SERVER
",siemens,,,,,,,,,,,,,,,,,,,,,,,,,,,,,,,,,,,,2025-01-28T10:26:08.547660Z,,,,,,,,,,14061,DIGITALOCEAN-ASN,Amsterdam,The Netherlands,NL
209.38.100.45,,False,tcp,5555,Username: ,telnet,,,,,,,,,,,,,,,,,,,,,,,,,,,,,,,,,,,,2025-01-07T20:20:27.150156Z,,,,,,,,,,14061,DIGITALOCEAN-ASN,Amsterdam,The Netherlands,NL
142.93.232.3,,False,tcp,102,"copyright: Original Siemens Equipment
cpu_profile: ""\uFFFD""
firmware: 3.2.6
hardware: 4.0.1
is_s7: true
module: CPU 315-2 PN/DP
module_id: '6ES7 315-2EH14-0AB0 '
module_type: CPU 315-2 PN/DP
reserved_for_os: MMC 267FF11F
serial_number: S C-C2UR28922012
system: SAAP7-SERVER
",siemens,,,,,,,,,,,,,,,,,,,,,,,,,,,,,,,,,,,,2025-03-21T21:58:13.414969Z,,,,,,,,,,14061,DIGITALOCEAN-ASN,Amsterdam,The Netherlands,NL
142.93.232.3,,False,tcp,21,"200 FTP server ready.
",ftp,,,,,,,,,,,,,,,,,,,,,,,,,,,,,,,,,,,,2025-03-21T05:36:25.931713Z,,,,,,,,,,14061,DIGITALOCEAN-ASN,Amsterdam,The Netherlands,NL
209.38.37.17,,False,tcp,21,"200 FTP server ready.
",ftp,,,,,,,,,,,,,,,,,,,,,,,,,,,,,,,,,,,,2025-03-08T10:09:41.922096Z,,,,,,,,,,14061,DIGITALOCEAN-ASN,Amsterdam,The Netherlands,NL
209.38.37.17,,False,tcp,102,"copyright: Original Siemens Equipment
cpu_profile: ""\uFFFD""
firmware: 3.2.6
hardware: 4.0.1
is_s7: true
module: CPU 315-2 PN/DP
module_id: '6ES7 315-2EH14-0AB0 '
module_type: CPU 315-2 PN/DP
reserved_for_os: MMC 267FF11F
serial_number: S C-C2UR28922012
system: SAAP7-SERVER
",siemens,,,,,,,,,,,,,,,,,,,,,,,,,,,,,,,,,,,,2025-01-21T10:35:27.832071Z,,,,,,,,,,14061,DIGITALOCEAN-ASN,Amsterdam,The Netherlands,NL
188.166.29.224,,False,tcp,23,Username: ,telnet,,,,,,,,,,,,,,,,,,,,,,,,,,,,,,,,,,,,2025-03-06T16:17:05.469882Z,,,,,,,,,,14061,DIGITALOCEAN-ASN,Amsterdam,The Netherlands,NL
188.166.29.224,,False,tcp,102,"copyright: Original Siemens Equipment
cpu_profile: ""\uFFFD""
firmware: 3.2.6
hardware: 4.0.1
is_s7: true
module: CPU 315-2 PN/DP
module_id: '6ES7 315-2EH14-0AB0 '
module_type: CPU 315-2 PN/DP
reserved_for_os: MMC 267FF11F
serial_number: S C-C2UR28922012
system: SAAP7-SERVER
",siemens,,,,,,,,,,,,,,,,,,,,,,,,,,,,,,,,,,,,2024-10-20T02:02:58.164210Z,,,,,,,,,,14061,DIGITALOCEAN-ASN,Amsterdam,The Netherlands,NL
83.146.235.237,,False,tcp,502,"exception_response:
    exception_function: 43
    exception_type: 1
function_code: 171
length: 3
raw: WkcAAAADAasB
raw_response: AQ==
unit_id: 1
",modbus,,,,,,,,,,,,,,,,,,,,,,,,,,,,,,,,,,,,2025-03-25T20:38:22.434839Z,,,,,,,,,,39194,Vakka-Suomen Puhelin Oy,Uusikaupunki,Finland,FI
159.8.253.52,"mail.server1.smartentity.net, webmail.platcoms.com, autoconfig.server1.smartentity.net, mail.platcoms.com, cpanel.platcoms.com, fax.smartentity.net, autodiscover.server1.smartentity.net, www.server1.smartentity.net, platcoms.com, webdisk.platcoms.com, cpcalendars.platcoms.com, server1.smartentity.net, ipv6.server1.smartentity.net, www.platcoms.com, smartentity.net, www.fax.smartentity.net, www.smartentity.net, cpcontacts.platcoms.com",False,tcp,587,"220-server1.smartentity.net ESMTP Exim 4.96.2 #2 Sun, 24 Aug 2025 14:00:52 -0500 
220-We do not authorize the use of this system to transport unsolicited, 
220 and/or bulk e-mail.
",ftp,,,,,,,,,,,,,,,,,,,,,,,,,,,,,,,,,,,,2025-08-24T19:00:54Z,,,,,,,,,,36351,SOFTLAYER,Amsterdam,The Netherlands,NL
188.166.43.81,"crnidjordje.com, suzanavuic.com, homebrewing-equipment.com, vuicdesign.com",False,tcp,587,"220 server.crnidjordje.com ESMTP Postfix (Ubuntu)
",ftp,,,,,,,,,,,,,,,,,,,,,,,,,,,,,,,,,,,,2025-08-22T18:11:33Z,,,,,,,,,,14061,DIGITALOCEAN-ASN,Amsterdam,The Netherlands,NL
188.166.43.81,"crnidjordje.com, suzanavuic.com, homebrewing-equipment.com, vuicdesign.com",False,tcp,21,"220 (vsFTPd 3.0.2)
",ftp,,,,,,,,,,,,,,,,,,,,,,,,,,,,,,,,,,,,2025-08-21T12:48:02Z,,,,vsFTPd,3.0.2,https://fp-icons.modat.io/technologies/default.svg,,,"{'id': 'CVE-2021-3618', 'cvss': 7.4, 'is_kev': False}",14061,DIGITALOCEAN-ASN,Amsterdam,The Netherlands,NL
45.94.31.35,gestcompta.pro,False,tcp,21,"220---------- Welcome to Pure-FTPd [privsep] [TLS] ----------
220-You are user number 1 of 50 allowed.
220-Local time is now 11:26. Server port: 21.
220-This is a private system - No anonymous login
220-IPv6 connections are also welcome on this server.
220 You will be disconnected after 15 minutes of inactivity.
",ftp,,,,,,,,,,,,,,,,,,,,,,,,,,,,,,,,,,,,2025-03-25T11:26:28.173962Z,,,,Pure-FTPd,,,,,"{'id': 'CVE-2019-20176', 'cvss': 7.5, 'is_kev': False}, {'id': 'CVE-2011-1575', 'cvss': None, 'is_kev': False}, {'id': 'CVE-2020-9365', 'cvss': 7.5, 'is_kev': False}, {'id': 'CVE-2020-9274', 'cvss': 7.5, 'is_kev': False}, {'id': 'CVE-2020-35359', 'cvss': 7.5, 'is_kev': False}, {'id': 'CVE-2011-3171', 'cvss': None, 'is_kev': False}, {'id': 'CVE-2011-0988', 'cvss': None, 'is_kev': False}, {'id': 'CVE-2021-40524', 'cvss': 7.5, 'is_kev': False}, {'id': 'CVE-2017-12170', 'cvss': 9.8, 'is_kev': False}, {'id': 'CVE-2011-0418', 'cvss': None, 'is_kev': False}",210558,1337 Services GmbH,Amsterdam,The Netherlands,NL
81.4.121.40,powerslacker.com,False,tcp,21,"220 Welcome to Powerslacker.com. You are here.
",ftp,,,,,,,,,,,,,,,,,,,,,,,,,,,,,,,,,,,,2025-08-22T10:40:02Z,,,,,,,,,,198203,RouteLabel V.O.F.,,The Netherlands,NL
46.17.3.107,,False,tcp,21,"220 AP7922B Network Management Card AOS v7.1.2 FTP server ready.
",ftp,,,,,,,,,,,,,,,,,,,,,,,,,,,,,,,,,,,,2025-08-23T04:36:07Z,,,,AOS AP7922B,7.1.2,https://fp-icons.modat.io/technologies/AOS.svg,,,,48635,CLDIN B.V.,,The Netherlands,NL
185.184.121.130,"www.konjopower.com, www.nbhnoto.com, mail.konjopower.com, konjopower.com, nbhnoto.com, mail.nbhnoto.com",False,tcp,21,"220 ProFTPD Server (Debian) [::ffff:185.184.121.130]
",ftp,,,,,,,,,,,1.0,2025-06-30 15:17:22+00:00,2035-06-28 15:17:22+00:00,TLSv1.2,12197d1474fb99f12e6caf84224ac812fcf2ced013ed244116005b635ba69ceb,6ccafc730f983a2c388b32c0941e3df0fed42465,,122915886941054471491601574484786392298943617449,mail.konjopower.com,US,Self-signed for mail.konjopower.com,,,Santa Clara,,mail.konjopower.com,US,Self-signed for mail.konjopower.com,,,Santa Clara,,"Certificate:
    Data:
        Version: 3 (0x2)
        Serial Number:
            15:87:bd:2e:d0:55:47:e1:f2:d7:d8:51:71:42:16:8a:75:73:19:a9
        Signature Algorithm: sha256WithRSAEncryption
        Issuer: CN=mail.konjopower.com, C=US, L=Santa Clara, O=Self-signed for mail.konjopower.com
        Validity
            Not Before: Jun 30 15:17:22 2025 GMT
            Not After : Jun 28 15:17:22 2035 GMT
        Subject: CN=mail.konjopower.com, C=US, L=Santa Clara, O=Self-signed for mail.konjopower.com
        Subject Public Key Info:
            Public Key Algorithm: rsaEncryption
                Public-Key: (2048 bit)
                Modulus:
                    00:a6:60:77:c3:41:c0:93:1c:b1:c6:8e:10:18:e6:
                    a2:e1:6d:f7:d1:d1:69:4e:c2:d3:0e:24:68:6d:d4:
                    48:24:b0:ac:a9:ac:f6:ca:95:6a:a0:31:dc:8c:ef:
                    b9:cb:f7:62:03:0f:4b:84:90:ed:12:b0:28:3f:9f:
                    d6:01:25:a3:30:b2:b7:4f:07:1f:ae:a1:f7:5f:51:
                    d9:3e:c1:7b:04:2b:b8:16:d6:09:45:7f:e9:b4:3a:
                    f0:b5:f1:11:76:ec:ee:12:6c:32:64:7b:6d:ad:6f:
                    9f:57:6a:df:b0:48:70:f3:c0:e5:a6:db:ff:63:ab:
                    cc:a5:81:21:bd:dd:5e:d4:54:3d:6c:c3:3a:3d:3d:
                    d4:2d:83:6c:36:bb:9f:dc:f1:a4:da:3a:06:a0:a0:
                    33:3d:fe:f0:4f:ad:94:66:d4:aa:e9:ba:66:25:2e:
                    c5:50:ae:df:7a:4f:92:56:98:f5:b4:45:7b:1b:fc:
                    77:49:86:58:d5:7b:f6:ba:62:fa:91:ae:72:a4:64:
                    6c:e1:48:fa:1c:a5:d6:37:58:f2:0a:f3:07:62:08:
                    93:f1:5d:09:12:94:52:42:7f:b9:2a:a0:dd:8a:46:
                    75:9c:19:c6:24:77:13:af:a6:08:ef:6c:a2:29:a8:
                    75:1b:5c:ba:22:4c:5d:94:76:3c:70:ee:33:a3:4f:
                    86:49
                Exponent: 65537 (0x10001)
        X509v3 extensions:
            X509v3 Subject Key Identifier: 
                BB:2A:09:FE:5E:05:99:BE:E6:6D:57:0A:B9:63:22:5E:6B:F6:D3:3B
            X509v3 Authority Key Identifier: 
                BB:2A:09:FE:5E:05:99:BE:E6:6D:57:0A:B9:63:22:5E:6B:F6:D3:3B
            X509v3 Basic Constraints: critical
                CA:TRUE
            X509v3 Subject Alternative Name: 
                DNS:mail.konjopower.com, DNS:localhost
            X509v3 Extended Key Usage: 
                TLS Web Server Authentication
    Signature Algorithm: sha256WithRSAEncryption
    Signature Value:
        2b:7f:3f:d1:ad:9f:71:e3:2e:e1:10:25:53:11:30:b6:9e:0e:
        fe:33:74:49:f0:a7:6a:2b:60:e7:2f:33:ac:be:4d:38:4c:fd:
        09:90:26:34:32:aa:ca:4f:22:91:8b:2d:2c:8c:b1:ad:81:76:
        5d:95:e2:4d:b7:c3:ba:3c:b6:1d:8d:ef:5d:90:aa:09:d0:ca:
        06:23:d2:1d:e7:2e:e8:6f:9f:4a:3d:9f:6b:ae:3f:58:c0:79:
        b4:66:90:3b:17:98:20:cd:4d:e4:ec:a7:58:73:01:93:ea:93:
        20:e6:ac:04:2c:d7:76:74:9d:32:f5:cf:a2:a0:20:f0:a8:07:
        f0:9b:dd:65:99:74:8a:7b:b8:2d:9a:28:14:15:9c:2a:1f:2a:
        39:67:5a:75:dd:6f:40:f5:5a:8c:c0:0f:e0:37:ab:1f:a1:8d:
        d5:c0:85:ae:1f:f7:03:42:a1:56:7d:e7:16:49:25:71:ef:f1:
        50:2b:65:20:50:e9:5b:58:a6:f3:de:1c:ec:d7:69:f4:26:ff:
        47:39:47:b0:95:fc:75:a6:fa:7c:b8:45:a1:54:a9:07:a4:61:
        d7:a3:bd:5e:e9:81:c2:4b:b0:38:ff:91:21:dc:94:72:47:f8:
        7e:2d:ae:80:4c:57:56:64:10:7e:62:86:85:08:73:ac:3c:65:
        5b:fc:f0:f0
",1.0,0.0,2025-07-10T20:21:13.353664Z,,,,ProFTPD,,https://fp-icons.modat.io/technologies/Proftpd.png,,,"{'id': 'CVE-2023-51713', 'cvss': 7.5, 'is_kev': False}, {'id': 'CVE-2020-9272', 'cvss': 7.5, 'is_kev': False}, {'id': 'CVE-2019-19270', 'cvss': 7.5, 'is_kev': False}, {'id': 'CVE-2019-12815', 'cvss': 9.8, 'is_kev': False}, {'id': 'CVE-2019-19272', 'cvss': 7.5, 'is_kev': False}, {'id': 'CVE-2023-48795', 'cvss': 5.9, 'is_kev': False}, {'id': 'CVE-2019-18217', 'cvss': 7.5, 'is_kev': False}, {'id': 'CVE-2019-19271', 'cvss': 7.5, 'is_kev': False}, {'id': 'CVE-2021-46854', 'cvss': 7.5, 'is_kev': False}, {'id': 'CVE-2019-19269', 'cvss': 4.9, 'is_kev': False}, {'id': 'CVE-2020-9273', 'cvss': 8.8, 'is_kev': False}",216127,International Hosting Company Limited,Amsterdam,The Netherlands,NL
95.211.3.58,"advogados-coimbra.com, advogados-lisboa.com, advogados-porto.com, advogados-braga.com, advogados-aveiro.com",False,tcp,21,"220 AP8959 Network Management Card AOS v7.0.8 FTP server ready.
",ftp,,,,,,,,,,,,,,,,,,,,,,,,,,,,,,,,,,,,2025-05-15T06:17:38.085654Z,,,,AOS AP8959,7.0.8,https://fp-icons.modat.io/technologies/AOS.svg,,,,60781,LeaseWeb Netherlands B.V.,,The Netherlands,NL
185.17.186.188,,False,tcp,21,"220 AP8959 Network Management Card AOS v7.0.8 FTP server ready.
",ftp,,,,,,,,,,,,,,,,,,,,,,,,,,,,,,,,,,,,2025-04-27T22:03:27.453246Z,,,,AOS AP8959,7.0.8,https://fp-icons.modat.io/technologies/AOS.svg,,,,60781,LeaseWeb Netherlands B.V.,,The Netherlands,NL
185.17.186.188,,False,tcp,23,"
User Name : ",telnet,,,,,,,,,,,,,,,,,,,,,,,,,,,,,,,,,,,,2025-04-27T20:25:10.144176Z,,,,,,,,,,60781,LeaseWeb Netherlands B.V.,,The Netherlands,NL
190.105.195.3,,False,tcp,21,"220 AP8959 Network Management Card AOS v7.0.8 FTP server ready.
",ftp,,,,,,,,,,,,,,,,,,,,,,,,,,,,,,,,,,,,2025-04-27T20:26:50.086891Z,,,,AOS AP8959,7.0.8,https://fp-icons.modat.io/technologies/AOS.svg,,,,60781,LeaseWeb Netherlands B.V.,,The Netherlands,NL
190.105.195.3,,False,tcp,23,"
User Name : ",telnet,,,,,,,,,,,,,,,,,,,,,,,,,,,,,,,,,,,,2025-04-27T18:25:09.474809Z,,,,,,,,,,60781,LeaseWeb Netherlands B.V.,,The Netherlands,NL
190.105.195.4,,False,tcp,23,"
User Name : ",telnet,,,,,,,,,,,,,,,,,,,,,,,,,,,,,,,,,,,,2025-04-27T18:25:10.176650Z,,,,,,,,,,60781,LeaseWeb Netherlands B.V.,,The Netherlands,NL
190.105.195.4,,False,tcp,21,"220 AP8959 Network Management Card AOS v7.0.8 FTP server ready.
",ftp,,,,,,,,,,,,,,,,,,,,,,,,,,,,,,,,,,,,2025-04-27T11:04:07.514365Z,,,,AOS AP8959,7.0.8,https://fp-icons.modat.io/technologies/AOS.svg,,,,60781,LeaseWeb Netherlands B.V.,,The Netherlands,NL
83.149.118.89,,False,tcp,21,"220 AP8953 Network Management Card AOS v7.0.8 FTP server ready.
",ftp,,,,,,,,,,,,,,,,,,,,,,,,,,,,,,,,,,,,2025-04-23T10:50:12.440084Z,,,,AOS AP8953,7.0.8,https://fp-icons.modat.io/technologies/AOS.svg,,,,60781,LeaseWeb Netherlands B.V.,,The Netherlands,NL
83.149.118.89,,False,tcp,23,"
User Name : ",telnet,,,,,,,,,,,,,,,,,,,,,,,,,,,,,,,,,,,,2025-04-22T11:13:09.412723Z,,,,,,,,,,60781,LeaseWeb Netherlands B.V.,,The Netherlands,NL
37.48.95.249,,False,tcp,21,"220 AP8953 Network Management Card AOS v7.0.8 FTP server ready.
",ftp,,,,,,,,,,,,,,,,,,,,,,,,,,,,,,,,,,,,2025-03-18T11:20:32.927962Z,,,,AOS AP8953,7.0.8,,,,,60781,LeaseWeb Netherlands B.V.,Amsterdam,The Netherlands,NL
37.48.95.249,,False,tcp,23,"
User Name : ",telnet,,,,,,,,,,,,,,,,,,,,,,,,,,,,,,,,,,,,2025-03-17T19:51:35.710851Z,,,,,,,,,,60781,LeaseWeb Netherlands B.V.,Amsterdam,The Netherlands,NL
37.48.111.240,,False,tcp,21,"220 AP8953 Network Management Card AOS v7.1.8 FTP server ready.
",ftp,,,,,,,,,,,,,,,,,,,,,,,,,,,,,,,,,,,,2025-03-18T04:36:32.230421Z,,,,AOS AP8953,7.1.8,,,,,60781,LeaseWeb Netherlands B.V.,Amsterdam,The Netherlands,NL
37.48.111.240,,False,tcp,23,"
User Name : ",telnet,,,,,,,,,,,,,,,,,,,,,,,,,,,,,,,,,,,,2025-03-06T13:33:27.920410Z,,,,,,,,,,60781,LeaseWeb Netherlands B.V.,Amsterdam,The Netherlands,NL
5.79.112.250,,False,tcp,21,"220 AP8953 Network Management Card AOS v6.8.2 FTP server ready.
",ftp,,,,,,,,,,,,,,,,,,,,,,,,,,,,,,,,,,,,2025-03-06T23:06:12.686862Z,,,,AOS AP8953,6.8.2,,,,,60781,LeaseWeb Netherlands B.V.,,The Netherlands,NL
5.79.112.250,,False,tcp,23,"
User Name : ",telnet,,,,,,,,,,,,,,,,,,,,,,,,,,,,,,,,,,,,2025-03-06T16:16:47.488191Z,,,,,,,,,,60781,LeaseWeb Netherlands B.V.,,The Netherlands,NL
37.48.95.248,,False,tcp,23,"
User Name : ",telnet,,,,,,,,,,,,,,,,,,,,,,,,,,,,,,,,,,,,2025-03-06T13:33:30.170831Z,,,,,,,,,,60781,LeaseWeb Netherlands B.V.,Amsterdam,The Netherlands,NL
37.48.95.248,,False,tcp,21,"220 AP8953 Network Management Card AOS v6.5.6 FTP server ready.
",ftp,,,,,,,,,,,,,,,,,,,,,,,,,,,,,,,,,,,,2025-03-05T09:38:52.147679Z,,,,AOS AP8953,6.5.6,,,,,60781,LeaseWeb Netherlands B.V.,Amsterdam,The Netherlands,NL
